chapter_name,link,local_date,name,yes_rsvp_count
Abuja Women in Machine Learning and Data Science,https://www.meetup.com/Abuja-Women-in-Machine-Learning-and-Data-Science/events/248093867/,3/10/18,Big Data: From Chaos to Intelligence,17
Abuja Women in Machine Learning and Data Science,https://www.meetup.com/Abuja-Women-in-Machine-Learning-and-Data-Science/events/250336442/,5/5/18,Machine Learning: A Focus on Supervised and Unsupervised Learning,35
Abuja Women in Machine Learning and Data Science,https://www.meetup.com/Abuja-Women-in-Machine-Learning-and-Data-Science/events/252829616/,7/21/18,Deep Learning: Build An Image Classification Model,20
Lagos Women in Machine Learning & Data Science,https://www.meetup.com/Lagos-Women-in-Machine-Learning-Data-Science/events/240818356/,6/24/17,NLP: Zero to one,59
Lagos Women in Machine Learning & Data Science,https://www.meetup.com/Lagos-Women-in-Machine-Learning-Data-Science/events/241750338/,8/5/17,Handling Imbalanced Datasets: Building a model and deploying to production,63
Lagos Women in Machine Learning & Data Science,https://www.meetup.com/Lagos-Women-in-Machine-Learning-Data-Science/events/243878349/,11/25/17,The ABC-XYZ of Data Science before Machine Learning,50
Nairobi Women in Machine Learning & Data Science,https://www.meetup.com/Nairobi-Women-in-Machine-Learning-Data-Science/events/235910743/,12/8/16,Uncovering patterns and trends using exploratory data analysis,17
Nairobi Women in Machine Learning & Data Science,https://www.meetup.com/Nairobi-Women-in-Machine-Learning-Data-Science/events/237180712/,1/28/17,Extracting Your Own Web Data using Scraping Tools,8
Nairobi Women in Machine Learning & Data Science,https://www.meetup.com/Nairobi-Women-in-Machine-Learning-Data-Science/events/237573747/,2/25/17,TensorFlow Post-Summit Event,95
Nairobi Women in Machine Learning & Data Science,https://www.meetup.com/Nairobi-Women-in-Machine-Learning-Data-Science/events/238235456/,3/25/17,Fueling the Artificial Intelligence revolution with gaming!,35
Nairobi Women in Machine Learning & Data Science,https://www.meetup.com/Nairobi-Women-in-Machine-Learning-Data-Science/events/239293830/,4/22/17,Sentiment Analysis in R,22
Nairobi Women in Machine Learning & Data Science,https://www.meetup.com/Nairobi-Women-in-Machine-Learning-Data-Science/events/240078624/,5/27/17,Unravelling Intel Deep Learning SDK,28
Nairobi Women in Machine Learning & Data Science,https://www.meetup.com/Nairobi-Women-in-Machine-Learning-Data-Science/events/240707575/,6/24/17,TensorFlow : Zero to One,70
Nairobi Women in Machine Learning & Data Science,https://www.meetup.com/Nairobi-Women-in-Machine-Learning-Data-Science/events/241680273/,7/22/17,Treasure Island: Bioinformatics for everyone.,67
Nairobi Women in Machine Learning & Data Science,https://www.meetup.com/Nairobi-Women-in-Machine-Learning-Data-Science/events/242553989/,8/26/17,Deep Learning for Crypt-analysis using TensorFlow,62
Nairobi Women in Machine Learning & Data Science,https://www.meetup.com/Nairobi-Women-in-Machine-Learning-Data-Science/events/243495389/,9/23/17,Prototyping Back Propagation in Excel For Greater Good,24
Nairobi Women in Machine Learning & Data Science,https://www.meetup.com/Nairobi-Women-in-Machine-Learning-Data-Science/events/245126032/,11/25/17,Data Science and Machine Learning in Practice,107
Nairobi Women in Machine Learning & Data Science,https://www.meetup.com/Nairobi-Women-in-Machine-Learning-Data-Science/events/245643924/,12/9/17,#NairobiWiMLDS turns 1 + Christmas Party,71
Nairobi Women in Machine Learning & Data Science,https://www.meetup.com/Nairobi-Women-in-Machine-Learning-Data-Science/events/246683570/,1/27/18,Around the world of data science in 60 minutes or less,132
Nairobi Women in Machine Learning & Data Science,https://www.meetup.com/Nairobi-Women-in-Machine-Learning-Data-Science/events/247038050/,2/24/18,TensorFlow Series: Convolutional Neural Networks for Image Classification,110
Nairobi Women in Machine Learning & Data Science,https://www.meetup.com/Nairobi-Women-in-Machine-Learning-Data-Science/events/247931427/,3/8/18,WiDS Conference Nairobi,17
Nairobi Women in Machine Learning & Data Science,https://www.meetup.com/Nairobi-Women-in-Machine-Learning-Data-Science/events/247932279/,3/10/18,WiDS Nairobi Code-labs,116
Nairobi Women in Machine Learning & Data Science,https://www.meetup.com/Nairobi-Women-in-Machine-Learning-Data-Science/events/248725652/,4/7/18,IndabaXKenya,58
Nairobi Women in Machine Learning & Data Science,https://www.meetup.com/Nairobi-Women-in-Machine-Learning-Data-Science/events/249739196/,4/28/18,Tensorflow Dev Summit Extended,125
Nairobi Women in Machine Learning & Data Science,https://www.meetup.com/Nairobi-Women-in-Machine-Learning-Data-Science/events/250902123/,5/26/18,The Pivotal Career Shift through Data Science and Machine Learning.,138
Nairobi Women in Machine Learning & Data Science,https://www.meetup.com/Nairobi-Women-in-Machine-Learning-Data-Science/events/251196226/,6/2/18,Fireside chat with Sara Hooker,72
Nairobi Women in Machine Learning & Data Science,https://www.meetup.com/Nairobi-Women-in-Machine-Learning-Data-Science/events/251403780/,6/9/18,Fireside chat with Billy Okal,71
Nairobi Women in Machine Learning & Data Science,https://www.meetup.com/Nairobi-Women-in-Machine-Learning-Data-Science/events/251522663/,6/14/18,Fireside chat with Omoju Miller,74
Nairobi Women in Machine Learning & Data Science,https://www.meetup.com/Nairobi-Women-in-Machine-Learning-Data-Science/events/251983272/,6/30/18,A beautiful mind: Hands on Game Theory,79
Nairobi Women in Machine Learning & Data Science,https://www.meetup.com/Nairobi-Women-in-Machine-Learning-Data-Science/events/252741357/,7/17/18,AI in the financial inclusion space in Africa,57
Nairobi Women in Machine Learning & Data Science,https://www.meetup.com/Nairobi-Women-in-Machine-Learning-Data-Science/events/252697149/,7/27/18,Machine Learning Beyond Images and Text,73
Nairobi Women in Machine Learning & Data Science,https://www.meetup.com/Nairobi-Women-in-Machine-Learning-Data-Science/events/252810105/,8/4/18,Google Next '18 Extended Nairobi,131
Nairobi Women in Machine Learning & Data Science,https://www.meetup.com/Nairobi-Women-in-Machine-Learning-Data-Science/events/256835824/,12/15/18,#NairobiWiMLDS turns 2 + Christmas Party,119
Nairobi Women in Machine Learning & Data Science,https://www.meetup.com/Nairobi-Women-in-Machine-Learning-Data-Science/events/258521990/,2/2/19,Python for Data Science Meetup,24
Nairobi Women in Machine Learning & Data Science,https://www.meetup.com/Nairobi-Women-in-Machine-Learning-Data-Science/events/259322990/,3/2/19,Master Data Science in R - Non-standard Evaluation in R,17
Nairobi Women in Machine Learning & Data Science,https://www.meetup.com/Nairobi-Women-in-Machine-Learning-Data-Science/events/259287679/,3/16/19,Indaba X Kenya,75
Bengaluru Women in Machine Learning & Data Science,https://www.meetup.com/Bengaluru-Women-in-Machine-Learning-and-Data-Science/events/254417912/,9/23/18,WiMLDS Bengaluru Launch event followed by networking,60
Bengaluru Women in Machine Learning & Data Science,https://www.meetup.com/Bengaluru-Women-in-Machine-Learning-and-Data-Science/events/256217081/,11/25/18,Introduction to Deep Learning,87
Bengaluru Women in Machine Learning & Data Science,https://www.meetup.com/Bengaluru-Women-in-Machine-Learning-and-Data-Science/events/257973580/,2/9/19,Workshop on how to win Kaggle datascience competitions by WiDS Bengaluru,292
Chennai Women in Machine Learning & Data Science,https://www.meetup.com/Chennai-Women-in-Machine-Learning-and-Data-Science/events/254576459/,9/15/18,StartML Series: Kickstarter Event,32
Delhi Women in Machine Learning & Data Science,https://www.meetup.com/Delhi-Women-in-Machine-Learning-Data-Science/events/248730875/,3/18/18,Machine Learning Unplugged,8
Delhi Women in Machine Learning & Data Science,https://www.meetup.com/Delhi-Women-in-Machine-Learning-Data-Science/events/248933826/,3/28/18,AI AMA Wednesday with Abi,5
Delhi Women in Machine Learning & Data Science,https://www.meetup.com/Delhi-Women-in-Machine-Learning-Data-Science/events/253976352/,8/25/18,Machine Learning Quest,16
Delhi Women in Machine Learning & Data Science,https://www.meetup.com/Delhi-Women-in-Machine-Learning-Data-Science/events/255414911/,10/13/18,"MLCC Study Jam, New Delhi in collaboration with WiMLDS",15
Delhi Women in Machine Learning & Data Science,https://www.meetup.com/Delhi-Women-in-Machine-Learning-Data-Science/events/255414933/,10/14/18,"MLCC Study Jam, New Delhi in collaboration with WiMLDS",16
Delhi Women in Machine Learning & Data Science,https://www.meetup.com/Delhi-Women-in-Machine-Learning-Data-Science/events/257743514/,1/12/19,Everything ML,45
Delhi Women in Machine Learning & Data Science,https://www.meetup.com/Delhi-Women-in-Machine-Learning-Data-Science/events/258811393/,2/9/19,Everything ML Webinar,10
Delhi Women in Machine Learning & Data Science,https://www.meetup.com/Delhi-Women-in-Machine-Learning-Data-Science/events/259120512/,3/9/19,Women's Day Mega Meetup,29
Delhi Women in Machine Learning & Data Science,https://www.meetup.com/Delhi-Women-in-Machine-Learning-Data-Science/events/259796733/,3/16/19,Everything ML Webinar,10
Delhi Women in Machine Learning & Data Science,https://www.meetup.com/Delhi-Women-in-Machine-Learning-Data-Science/events/259894804/,3/30/19,ML Unplugged 2.0,35
Delhi Women in Machine Learning & Data Science,https://www.meetup.com/Delhi-Women-in-Machine-Learning-Data-Science/events/260247442/,4/6/19,Everything ML,24
Delhi Women in Machine Learning & Data Science,https://www.meetup.com/Delhi-Women-in-Machine-Learning-Data-Science/events/260455818/,4/13/19,Everything ML,17
Mumbai Women in Machine Learning and Data Science,https://www.meetup.com/Mumbai-Women-in-Machine-Learning-and-Data-Science/events/254298640/,9/16/18,Unriddle Data Science,20
Mumbai Women in Machine Learning and Data Science,https://www.meetup.com/Mumbai-Women-in-Machine-Learning-and-Data-Science/events/kqbmkqyxnbkc/,10/27/18,Building a ChatBot using Machine Learning,12
Mumbai Women in Machine Learning and Data Science,https://www.meetup.com/Mumbai-Women-in-Machine-Learning-and-Data-Science/events/256494917/,11/24/18,Discussing Autonomous World and Much More,10
Mumbai Women in Machine Learning and Data Science,https://www.meetup.com/Mumbai-Women-in-Machine-Learning-and-Data-Science/events/256745122/,12/8/18,Serverless : A new way to build modern application by IBM,19
Mumbai Women in Machine Learning and Data Science,https://www.meetup.com/Mumbai-Women-in-Machine-Learning-and-Data-Science/events/258892661/,2/16/19,Weekend Hands-On Python Workshop for Beginners,5
Mumbai Women in Machine Learning and Data Science,https://www.meetup.com/Mumbai-Women-in-Machine-Learning-and-Data-Science/events/259153096/,3/16/19,"Women in Data Science Conference 2019, Mumbai",29
Mumbai Women in Machine Learning and Data Science,https://www.meetup.com/Mumbai-Women-in-Machine-Learning-and-Data-Science/events/260214342/,4/6/19,Machine Learning Unplugged,22
Pune Women in Machine Learning & Data Science,https://www.meetup.com/Pune-Women-in-Machine-Learning-and-Data-Science/events/253482390/,8/31/18,Demystifying AI: Kick start your journey to becoming an AI specialist,167
Pune Women in Machine Learning & Data Science,https://www.meetup.com/Pune-Women-in-Machine-Learning-and-Data-Science/events/254370295/,9/7/18,Opportunities for Women Entrepreneurs in Technology,15
Pune Women in Machine Learning & Data Science,https://www.meetup.com/Pune-Women-in-Machine-Learning-and-Data-Science/events/254811044/,9/22/18,AI on Edge by IOTIOT.in @ COEP-BHAU on 22nd Sep 2018 @ 10.30 am,13
Pune Women in Machine Learning & Data Science,https://www.meetup.com/Pune-Women-in-Machine-Learning-and-Data-Science/events/254607470/,9/28/18,Building Machine Learning Model Step by Step,134
Pune Women in Machine Learning & Data Science,https://www.meetup.com/Pune-Women-in-Machine-Learning-and-Data-Science/events/256591090/,11/23/18,"A Dialogue with Students, Anyone looking to restart their jobs/careers in Pune",17
Pune Women in Machine Learning & Data Science,https://www.meetup.com/Pune-Women-in-Machine-Learning-and-Data-Science/events/swjxlqyxqbhb/,12/5/18,Create and Optimize a linear Regression Model - Speakers - Sr. IBM Developers,126
Pune Women in Machine Learning & Data Science,https://www.meetup.com/Pune-Women-in-Machine-Learning-and-Data-Science/events/257279424/,12/22/18,Invitation to join as Core Committee for WiDS Pune,48
Pune Women in Machine Learning & Data Science,https://www.meetup.com/Pune-Women-in-Machine-Learning-and-Data-Science/events/257077343/,1/5/19,A walk through the maze of understanding ‚ÄúData Visualization‚Äù,114
Pune Women in Machine Learning & Data Science,https://www.meetup.com/Pune-Women-in-Machine-Learning-and-Data-Science/events/258118076/,1/19/19,Ingredients of High Impact Presentations - As per Dale Carnegie Guidelines,11
Pune Women in Machine Learning & Data Science,https://www.meetup.com/Pune-Women-in-Machine-Learning-and-Data-Science/events/257286539/,1/25/19,Deep Dive into Hyperparameter Tuning,72
Pune Women in Machine Learning & Data Science,https://www.meetup.com/Pune-Women-in-Machine-Learning-and-Data-Science/events/258495482/,2/3/19,"Lego Workshop - ""Data Science Problem Formulation"" - WiDS Pune 2019",27
Pune Women in Machine Learning & Data Science,https://www.meetup.com/Pune-Women-in-Machine-Learning-and-Data-Science/events/258675385/,2/9/19,"""Design thinking for Data Scientists"" - WiDS Pune 2019",33
Pune Women in Machine Learning & Data Science,https://www.meetup.com/Pune-Women-in-Machine-Learning-and-Data-Science/events/258734053/,2/16/19,Unmask the Machine Learning Models - WiDS Pune 2019,34
Pune Women in Machine Learning & Data Science,https://www.meetup.com/Pune-Women-in-Machine-Learning-and-Data-Science/events/258898683/,2/23/19,"""1 Day in Python - Life science case study"" - WiDS Pune 2019",47
Pune Women in Machine Learning & Data Science,https://www.meetup.com/Pune-Women-in-Machine-Learning-and-Data-Science/events/258982843/,3/2/19,"""Convergence of IOT and Artificial Intelligence"" - WiDS Pune 2019",33
Pune Women in Machine Learning & Data Science,https://www.meetup.com/Pune-Women-in-Machine-Learning-and-Data-Science/events/259496554/,3/8/19,Top Skills That will land you High Paying jobs by 2020,15
Pune Women in Machine Learning & Data Science,https://www.meetup.com/Pune-Women-in-Machine-Learning-and-Data-Science/events/259496628/,3/23/19,WiDS Pune 2019 - 1 Day Conference - A Stanford University Initiative,67
Pune Women in Machine Learning & Data Science,https://www.meetup.com/Pune-Women-in-Machine-Learning-and-Data-Science/events/260047979/,3/30/19,Fast Tracking Drug Development with Data Analytics and AI,39
Melbourne Women in Machine Learning & Data Science,https://www.meetup.com/Melbourne-Women-in-Machine-Learning-and-Data-Science/events/253085167/,8/8/18,Kickoff - Meet & Greet,68
Melbourne Women in Machine Learning & Data Science,https://www.meetup.com/Melbourne-Women-in-Machine-Learning-and-Data-Science/events/254576995/,9/27/18,AHA Moments: Deep Learning in Industry,37
Melbourne Women in Machine Learning & Data Science,https://www.meetup.com/Melbourne-Women-in-Machine-Learning-and-Data-Science/events/256402820/,11/29/18,Extract Signal from Noise,46
Melbourne Women in Machine Learning & Data Science,https://www.meetup.com/Melbourne-Women-in-Machine-Learning-and-Data-Science/events/256563019/,12/5/18,Q&A with Michelle Casbon,28
Melbourne Women in Machine Learning & Data Science,https://www.meetup.com/Melbourne-Women-in-Machine-Learning-and-Data-Science/events/256762630/,12/12/18,Christmas Networking event with R-Ladies,13
Melbourne Women in Machine Learning & Data Science,https://www.meetup.com/Melbourne-Women-in-Machine-Learning-and-Data-Science/events/257397012/,1/24/19,"Vet AI, Questionable Research Practises and more!",54
Melbourne Women in Machine Learning & Data Science,https://www.meetup.com/Melbourne-Women-in-Machine-Learning-and-Data-Science/events/258716745/,2/21/19,Breaking into Data Science - not as hard as you think!,81
Melbourne Women in Machine Learning & Data Science,https://www.meetup.com/Melbourne-Women-in-Machine-Learning-and-Data-Science/events/259886488/,3/28/19,Data Cleaning... But Why? with Brooke Clarke,44
Melbourne Women in Machine Learning & Data Science,https://www.meetup.com/Melbourne-Women-in-Machine-Learning-and-Data-Science/events/260295221/,4/30/19,Lightning talks including detecting brain lesions that cause epilepsy using ML,54
Madrid Women in Machine Learning & Data Science,https://www.meetup.com/Madrid-Women-in-Machine-Learning-and-Data-Science/events/255792676/,11/22/18,Launch event WiMLDS Madrid,68
Madrid Women in Machine Learning & Data Science,https://www.meetup.com/Madrid-Women-in-Machine-Learning-and-Data-Science/events/256951102/,12/12/18,Meetup Navide√±o,7
Madrid Women in Machine Learning & Data Science,https://www.meetup.com/Madrid-Women-in-Machine-Learning-and-Data-Science/events/258105682/,2/7/19,2nd WiMLDS Madrid meetup @BCG,50
Madrid Women in Machine Learning & Data Science,https://www.meetup.com/Madrid-Women-in-Machine-Learning-and-Data-Science/events/259467374/,4/4/19,3rd WiMLDS meetup @IBM,90
Madrid Women in Machine Learning & Data Science,https://www.meetup.com/Madrid-Women-in-Machine-Learning-and-Data-Science/events/260911137/,4/29/19,1st WiMLDS Workshop AWSDeepRacer @awscloud_es,19
Madrid Women in Machine Learning & Data Science,https://www.meetup.com/Madrid-Women-in-Machine-Learning-and-Data-Science/events/260500098/,5/7/19,4th WiMLDS meetup @AWSSummit with PyLadies and RLadies,42
Pozna≈Ñ Women in Machine Learning & Data Science,https://www.meetup.com/Poznan-Women-in-Machine-Learning-Data-Science/events/rxsnppyxjbkb/,6/6/18,WiMLDS POLAND - Pozna≈Ñ #1 MeetUp,88
Pozna≈Ñ Women in Machine Learning & Data Science,https://www.meetup.com/Poznan-Women-in-Machine-Learning-Data-Science/events/252843941/,8/21/18,WiMLDS Pozna≈Ñ Meetup #2,92
Pozna≈Ñ Women in Machine Learning & Data Science,https://www.meetup.com/Poznan-Women-in-Machine-Learning-Data-Science/events/255274122/,10/18/18,WiMLDS Pozna≈Ñ Meetup #3,86
Pozna≈Ñ Women in Machine Learning & Data Science,https://www.meetup.com/Poznan-Women-in-Machine-Learning-Data-Science/events/256013504/,12/5/18,TensorFlow on AWS - Pozna≈Ñ WiMLDS Workshops #1,58
Pozna≈Ñ Women in Machine Learning & Data Science,https://www.meetup.com/Poznan-Women-in-Machine-Learning-Data-Science/events/256198486/,12/10/18,WiMLDS Pozna≈Ñ Meetup #4,47
Pozna≈Ñ Women in Machine Learning & Data Science,https://www.meetup.com/Poznan-Women-in-Machine-Learning-Data-Science/events/256198546/,1/10/19,WiMLDS Pozna≈Ñ Meetup #5,69
Pozna≈Ñ Women in Machine Learning & Data Science,https://www.meetup.com/Poznan-Women-in-Machine-Learning-Data-Science/events/258651383/,2/28/19,WiMLDS Pozna≈Ñ Meetup #6,67
Pozna≈Ñ Women in Machine Learning & Data Science,https://www.meetup.com/Poznan-Women-in-Machine-Learning-Data-Science/events/259602333/,4/13/19,Women in Data Science - Pozna≈Ñ Satellite Event 2019,48
Trojmiasto Women in Machine Learning & Data Science,https://www.meetup.com/Trojmiasto-Women-in-Machine-Learning-and-Data-Science/events/xzvxwpyxkbmb/,7/9/18,"Warsztat ""Data manipulation in R""",12
Trojmiasto Women in Machine Learning & Data Science,https://www.meetup.com/Trojmiasto-Women-in-Machine-Learning-and-Data-Science/events/xzvxwpyxlbrb/,7/9/18,"Warsztat ""Data manipulation in R""",2
Trojmiasto Women in Machine Learning & Data Science,https://www.meetup.com/Trojmiasto-Women-in-Machine-Learning-and-Data-Science/events/253377095/,9/19/18,R: wizualizacja danych - wprowadzenie do pakietu ggplot2,16
Trojmiasto Women in Machine Learning & Data Science,https://www.meetup.com/Trojmiasto-Women-in-Machine-Learning-and-Data-Science/events/255935078/,11/14/18,"R Markdown czyli wizualizacja danych w r√≥≈ºnych formatach (html, pdf i in.)",13
Trojmiasto Women in Machine Learning & Data Science,https://www.meetup.com/Trojmiasto-Women-in-Machine-Learning-and-Data-Science/events/256593014/,12/5/18,DATA Science NETWORKING,21
Trojmiasto Women in Machine Learning & Data Science,https://www.meetup.com/Trojmiasto-Women-in-Machine-Learning-and-Data-Science/events/259481023/,3/20/19,Spotkanie Networkingowe DATA SCIENCE - Dzie≈Ñ kobiet (nie tylko dla kobiet!),20
Z√ºrich Women in Machine Learning and Data Science,https://www.meetup.com/Zurich-Women-in-Machine-Learning-and-Data-Science/events/239191839/,5/19/17,Data Science at Credit Suisse,59
Z√ºrich Women in Machine Learning and Data Science,https://www.meetup.com/Zurich-Women-in-Machine-Learning-and-Data-Science/events/240716001/,7/15/17,Social Event,21
Z√ºrich Women in Machine Learning and Data Science,https://www.meetup.com/Zurich-Women-in-Machine-Learning-and-Data-Science/events/243022447/,10/31/17,Interest based Targeting,37
Z√ºrich Women in Machine Learning and Data Science,https://www.meetup.com/Zurich-Women-in-Machine-Learning-and-Data-Science/events/245076452/,11/29/17,Data Science Learnathon: From Raw Data to Deployment,20
Z√ºrich Women in Machine Learning and Data Science,https://www.meetup.com/Zurich-Women-in-Machine-Learning-and-Data-Science/events/245029839/,12/7/17,Social Event,16
Z√ºrich Women in Machine Learning and Data Science,https://www.meetup.com/Zurich-Women-in-Machine-Learning-and-Data-Science/events/247613807/,3/20/18,Women in Data Science Conference Zurich,20
Z√ºrich Women in Machine Learning and Data Science,https://www.meetup.com/Zurich-Women-in-Machine-Learning-and-Data-Science/events/250146560/,5/28/18,Data Science and Machine Learning in the service of Women‚Äôs Health,70
Z√ºrich Women in Machine Learning and Data Science,https://www.meetup.com/Zurich-Women-in-Machine-Learning-and-Data-Science/events/258184225/,3/7/19,IWD2019 Kick-Off,41
Z√ºrich Women in Machine Learning and Data Science,https://www.meetup.com/Zurich-Women-in-Machine-Learning-and-Data-Science/events/258328269/,3/25/19,AI at IBM,58
Z√ºrich Women in Machine Learning and Data Science,https://www.meetup.com/Zurich-Women-in-Machine-Learning-and-Data-Science/events/259769730/,4/4/19,IWD Recap Event at Google,22
Austin Women in Machine Learning & Data Science,https://www.meetup.com/Austin-Women-in-Machine-Learning-Data-Science/events/234264849/,9/29/16,WiMLDS Austin Happy Hour & Networking,4
Austin Women in Machine Learning & Data Science,https://www.meetup.com/Austin-Women-in-Machine-Learning-Data-Science/events/234620383/,10/27/16,WiMLDS Lightning Talks & Happy Hour - Share Your Work in Machine Learning,3
Austin Women in Machine Learning & Data Science,https://www.meetup.com/Austin-Women-in-Machine-Learning-Data-Science/events/253570427/,9/15/18,Topics in machine learning,24
Austin Women in Machine Learning & Data Science,https://www.meetup.com/Austin-Women-in-Machine-Learning-Data-Science/events/256336771/,12/1/18,Application of Machine Learning in Financial Fraud and Crimes,19
Austin Women in Machine Learning & Data Science,https://www.meetup.com/Austin-Women-in-Machine-Learning-Data-Science/events/259763790/,4/6/19,The progress in speech recognition and its current technology,14
Bay Area Women in Machine Learning & Data Science,https://www.meetup.com/Bay-Area-Women-in-Machine-Learning-and-Data-Science/events/154860422/,1/23/14,Inaugural Meetup Event,76
Bay Area Women in Machine Learning & Data Science,https://www.meetup.com/Bay-Area-Women-in-Machine-Learning-and-Data-Science/events/174197352/,4/22/14,Data Science Stack Showcase,78
Bay Area Women in Machine Learning & Data Science,https://www.meetup.com/Bay-Area-Women-in-Machine-Learning-and-Data-Science/events/195876532/,8/18/14,H2O: Open Source ML Engine for Big Data,37
Bay Area Women in Machine Learning & Data Science,https://www.meetup.com/Bay-Area-Women-in-Machine-Learning-and-Data-Science/events/219188002/,1/22/15,Happy New Year Meet & Greet,56
Bay Area Women in Machine Learning & Data Science,https://www.meetup.com/Bay-Area-Women-in-Machine-Learning-and-Data-Science/events/219943938/,1/28/15,UC Berkeley Meetup,49
Bay Area Women in Machine Learning & Data Science,https://www.meetup.com/Bay-Area-Women-in-Machine-Learning-and-Data-Science/events/221035829/,4/8/15,Dr. Vivienne Ming talks about using Machine Learning to unlock human potential,70
Bay Area Women in Machine Learning & Data Science,https://www.meetup.com/Bay-Area-Women-in-Machine-Learning-and-Data-Science/events/224080723/,8/25/15,DeepDream Hack Night,58
Bay Area Women in Machine Learning & Data Science,https://www.meetup.com/Bay-Area-Women-in-Machine-Learning-and-Data-Science/events/226616323/,12/2/15,An Introduction to Differential Privacy as Applied to Machine Learning,56
Bay Area Women in Machine Learning & Data Science,https://www.meetup.com/Bay-Area-Women-in-Machine-Learning-and-Data-Science/events/227908110/,1/25/16,Data for Good: How change.org applies data science to social change,149
Bay Area Women in Machine Learning & Data Science,https://www.meetup.com/Bay-Area-Women-in-Machine-Learning-and-Data-Science/events/228955428/,3/14/16,Style Algorithms at Stitch Fix,161
Bay Area Women in Machine Learning & Data Science,https://www.meetup.com/Bay-Area-Women-in-Machine-Learning-and-Data-Science/events/230823630/,5/14/16,Workshop: TensorFlow in Python using skflow,1
Bay Area Women in Machine Learning & Data Science,https://www.meetup.com/Bay-Area-Women-in-Machine-Learning-and-Data-Science/events/231343071/,6/8/16,"Women, Work and the State of Wage Inequality in 2016",91
Bay Area Women in Machine Learning & Data Science,https://www.meetup.com/Bay-Area-Women-in-Machine-Learning-and-Data-Science/events/232044420/,8/1/16,Model Hyperparameter Tuning,114
Bay Area Women in Machine Learning & Data Science,https://www.meetup.com/Bay-Area-Women-in-Machine-Learning-and-Data-Science/events/232906807/,9/21/16,Machine Learning at Uber: Moving the world with data,280
Bay Area Women in Machine Learning & Data Science,https://www.meetup.com/Bay-Area-Women-in-Machine-Learning-and-Data-Science/events/234866195/,11/2/16,Election Data Hackathon,99
Bay Area Women in Machine Learning & Data Science,https://www.meetup.com/Bay-Area-Women-in-Machine-Learning-and-Data-Science/events/234584645/,2/7/17,Women in Data Science 2017 Conference Screening (WiMLDS+Airbnb+WInD¬≠),322
Bay Area Women in Machine Learning & Data Science,https://www.meetup.com/Bay-Area-Women-in-Machine-Learning-and-Data-Science/events/238523188/,4/11/17,Machine Learning & Data Science at Quora,182
Bay Area Women in Machine Learning & Data Science,https://www.meetup.com/Bay-Area-Women-in-Machine-Learning-and-Data-Science/events/239022100/,5/10/17,2017 Meet & Greet,149
Bay Area Women in Machine Learning & Data Science,https://www.meetup.com/Bay-Area-Women-in-Machine-Learning-and-Data-Science/events/240090726/,6/21/17,WiMLDS x Fintech,240
Bay Area Women in Machine Learning & Data Science,https://www.meetup.com/Bay-Area-Women-in-Machine-Learning-and-Data-Science/events/242451625/,8/29/17,Data Science at the Chan Zuckerberg Initiative (CZI),286
Bay Area Women in Machine Learning & Data Science,https://www.meetup.com/Bay-Area-Women-in-Machine-Learning-and-Data-Science/events/243136532/,9/28/17,WiMLDS x FoodTech,146
Bay Area Women in Machine Learning & Data Science,https://www.meetup.com/Bay-Area-Women-in-Machine-Learning-and-Data-Science/events/244242229/,11/8/17,WiMLDS x Calico,158
Bay Area Women in Machine Learning & Data Science,https://www.meetup.com/Bay-Area-Women-in-Machine-Learning-and-Data-Science/events/246224909/,1/11/18,WiMLDS x General Assembly: Talk Data To Me,2
Bay Area Women in Machine Learning & Data Science,https://www.meetup.com/Bay-Area-Women-in-Machine-Learning-and-Data-Science/events/246952774/,1/19/18,[Last Minute] Coding & Coffee,10
Bay Area Women in Machine Learning & Data Science,https://www.meetup.com/Bay-Area-Women-in-Machine-Learning-and-Data-Science/events/wbzqgpyxcbjc/,1/26/18,Code and Coffee,13
Bay Area Women in Machine Learning & Data Science,https://www.meetup.com/Bay-Area-Women-in-Machine-Learning-and-Data-Science/events/wbzqgpyxdbdb/,2/2/18,Code and Coffee,12
Bay Area Women in Machine Learning & Data Science,https://www.meetup.com/Bay-Area-Women-in-Machine-Learning-and-Data-Science/events/246892267/,2/7/18,WiMLDS x Microsoft Reactor,118
Bay Area Women in Machine Learning & Data Science,https://www.meetup.com/Bay-Area-Women-in-Machine-Learning-and-Data-Science/events/jfxrhpyxdbmb/,2/9/18,Code and Coffee,10
Bay Area Women in Machine Learning & Data Science,https://www.meetup.com/Bay-Area-Women-in-Machine-Learning-and-Data-Science/events/247592579/,2/21/18,East Bay Co-working,26
Bay Area Women in Machine Learning & Data Science,https://www.meetup.com/Bay-Area-Women-in-Machine-Learning-and-Data-Science/events/jfxrhpyxfbdb/,3/2/18,Code and Coffee,20
Bay Area Women in Machine Learning & Data Science,https://www.meetup.com/Bay-Area-Women-in-Machine-Learning-and-Data-Science/events/248212966/,3/5/18,WiDS San Francisco @ Stitch Fix,1
Bay Area Women in Machine Learning & Data Science,https://www.meetup.com/Bay-Area-Women-in-Machine-Learning-and-Data-Science/events/247815974/,3/8/18,Women in Data Science 2018 Conference Screening (WiMLDS+Airbnb+SheTalksData),1
Bay Area Women in Machine Learning & Data Science,https://www.meetup.com/Bay-Area-Women-in-Machine-Learning-and-Data-Science/events/jfxrhpyxfbmb/,3/9/18,Code and Coffee,16
Bay Area Women in Machine Learning & Data Science,https://www.meetup.com/Bay-Area-Women-in-Machine-Learning-and-Data-Science/events/jfxrhpyxfbvb/,3/16/18,Code and Coffee,23
Bay Area Women in Machine Learning & Data Science,https://www.meetup.com/Bay-Area-Women-in-Machine-Learning-and-Data-Science/events/jfxrhpyxfbfc/,3/23/18,Code and Coffee,27
Bay Area Women in Machine Learning & Data Science,https://www.meetup.com/Bay-Area-Women-in-Machine-Learning-and-Data-Science/events/dlgcnpyxfbnc/,3/30/18,Code and Coffee SF,18
Bay Area Women in Machine Learning & Data Science,https://www.meetup.com/Bay-Area-Women-in-Machine-Learning-and-Data-Science/events/zpvmnpyxgbkb/,4/7/18,Code and Coffee East Bay,26
Bay Area Women in Machine Learning & Data Science,https://www.meetup.com/Bay-Area-Women-in-Machine-Learning-and-Data-Science/events/249268740/,4/18/18,WiMLDS x Lyft: Machine Learning Tech Talks,2
Bay Area Women in Machine Learning & Data Science,https://www.meetup.com/Bay-Area-Women-in-Machine-Learning-and-Data-Science/events/qrbvppyxgbcc/,4/21/18,Code and Coffee East Bay,24
Bay Area Women in Machine Learning & Data Science,https://www.meetup.com/Bay-Area-Women-in-Machine-Learning-and-Data-Science/events/pzbmnpyxgblc/,4/28/18,Code and Coffee SF,23
Bay Area Women in Machine Learning & Data Science,https://www.meetup.com/Bay-Area-Women-in-Machine-Learning-and-Data-Science/events/249885491/,5/1/18,WiMLDS x Graph Databases,65
Bay Area Women in Machine Learning & Data Science,https://www.meetup.com/Bay-Area-Women-in-Machine-Learning-and-Data-Science/events/qrbvppyxhbhb/,5/5/18,Code and Coffee East Bay,28
Bay Area Women in Machine Learning & Data Science,https://www.meetup.com/Bay-Area-Women-in-Machine-Learning-and-Data-Science/events/pzbmnpyxhbqb/,5/11/18,Code and Coffee SF,12
Bay Area Women in Machine Learning & Data Science,https://www.meetup.com/Bay-Area-Women-in-Machine-Learning-and-Data-Science/events/rwmgspyxhbzb/,5/19/18,Code and Coffee East Bay,14
Bay Area Women in Machine Learning & Data Science,https://www.meetup.com/Bay-Area-Women-in-Machine-Learning-and-Data-Science/events/lfwnrpyxhbzb/,5/19/18,Code and Coffee Peninsula,7
Bay Area Women in Machine Learning & Data Science,https://www.meetup.com/Bay-Area-Women-in-Machine-Learning-and-Data-Science/events/vxmgspyxhbjc/,5/26/18,Code and Coffee SF,22
Bay Area Women in Machine Learning & Data Science,https://www.meetup.com/Bay-Area-Women-in-Machine-Learning-and-Data-Science/events/250528610/,5/30/18,WiMLDS Happy Hour 2018,151
Bay Area Women in Machine Learning & Data Science,https://www.meetup.com/Bay-Area-Women-in-Machine-Learning-and-Data-Science/events/bxkdtpyxjbdb/,6/2/18,Code and Coffee East Bay,20
Bay Area Women in Machine Learning & Data Science,https://www.meetup.com/Bay-Area-Women-in-Machine-Learning-and-Data-Science/events/pzwmspyxjbdb/,6/2/18,Code and Coffee Peninsula,11
Bay Area Women in Machine Learning & Data Science,https://www.meetup.com/Bay-Area-Women-in-Machine-Learning-and-Data-Science/events/vxmgspyxjbmb/,6/9/18,Code and Coffee SF,22
Bay Area Women in Machine Learning & Data Science,https://www.meetup.com/Bay-Area-Women-in-Machine-Learning-and-Data-Science/events/bxkdtpyxjbvb/,6/16/18,Code and Coffee East Bay,14
Bay Area Women in Machine Learning & Data Science,https://www.meetup.com/Bay-Area-Women-in-Machine-Learning-and-Data-Science/events/pzwmspyxjbvb/,6/16/18,Code and Coffee Peninsula,14
Bay Area Women in Machine Learning & Data Science,https://www.meetup.com/Bay-Area-Women-in-Machine-Learning-and-Data-Science/events/250456485/,6/26/18,WiMLDS x PyLadies: Paths to Data Science,191
Bay Area Women in Machine Learning & Data Science,https://www.meetup.com/Bay-Area-Women-in-Machine-Learning-and-Data-Science/events/bxkdtpyxjbnc/,6/30/18,Code and Coffee East Bay,15
Bay Area Women in Machine Learning & Data Science,https://www.meetup.com/Bay-Area-Women-in-Machine-Learning-and-Data-Science/events/tpmwvpyxjbnc/,6/30/18,Code and Coffee Peninsula,11
Bay Area Women in Machine Learning & Data Science,https://www.meetup.com/Bay-Area-Women-in-Machine-Learning-and-Data-Science/events/vxmgspyxkbkb/,7/7/18,Code and Coffee SF,32
Bay Area Women in Machine Learning & Data Science,https://www.meetup.com/Bay-Area-Women-in-Machine-Learning-and-Data-Science/events/bxkdtpyxkbsb/,7/14/18,Code and Coffee East Bay,16
Bay Area Women in Machine Learning & Data Science,https://www.meetup.com/Bay-Area-Women-in-Machine-Learning-and-Data-Science/events/tpmwvpyxkbsb/,7/14/18,Code and Coffee Peninsula,10
Bay Area Women in Machine Learning & Data Science,https://www.meetup.com/Bay-Area-Women-in-Machine-Learning-and-Data-Science/events/vxmgspyxkbcc/,7/21/18,Code and Coffee SF,23
Bay Area Women in Machine Learning & Data Science,https://www.meetup.com/Bay-Area-Women-in-Machine-Learning-and-Data-Science/events/252523087/,7/24/18,WiMLDS x Yelp: Machine Learning Best Practices,280
Bay Area Women in Machine Learning & Data Science,https://www.meetup.com/Bay-Area-Women-in-Machine-Learning-and-Data-Science/events/qshpzpyxkblc/,7/28/18,Code and Coffee East Bay,17
Bay Area Women in Machine Learning & Data Science,https://www.meetup.com/Bay-Area-Women-in-Machine-Learning-and-Data-Science/events/vqmwvpyxkblc/,7/28/18,Code and Coffee Peninsula,11
Bay Area Women in Machine Learning & Data Science,https://www.meetup.com/Bay-Area-Women-in-Machine-Learning-and-Data-Science/events/vxmgspyxlbgb/,8/4/18,Code and Coffee SF,27
Bay Area Women in Machine Learning & Data Science,https://www.meetup.com/Bay-Area-Women-in-Machine-Learning-and-Data-Science/events/qshpzpyxlbpb/,8/11/18,Code and Coffee East Bay NEW TIME,29
Bay Area Women in Machine Learning & Data Science,https://www.meetup.com/Bay-Area-Women-in-Machine-Learning-and-Data-Science/events/vqmwvpyxlbpb/,8/11/18,Code and Coffee Peninsula,7
Bay Area Women in Machine Learning & Data Science,https://www.meetup.com/Bay-Area-Women-in-Machine-Learning-and-Data-Science/events/vxmgspyxlbxb/,8/18/18,Code and Coffee SF,36
Bay Area Women in Machine Learning & Data Science,https://www.meetup.com/Bay-Area-Women-in-Machine-Learning-and-Data-Science/events/qshpzpyxlbhc/,8/25/18,Code and Coffee East Bay,22
Bay Area Women in Machine Learning & Data Science,https://www.meetup.com/Bay-Area-Women-in-Machine-Learning-and-Data-Science/events/vqmwvpyxlbhc/,8/25/18,Code and Coffee Peninsula,4
Bay Area Women in Machine Learning & Data Science,https://www.meetup.com/Bay-Area-Women-in-Machine-Learning-and-Data-Science/events/qshpzpyxmblb/,9/8/18,Code and Coffee East Bay,13
Bay Area Women in Machine Learning & Data Science,https://www.meetup.com/Bay-Area-Women-in-Machine-Learning-and-Data-Science/events/vqmwvpyxmblb/,9/8/18,Code and Coffee Peninsula,5
Bay Area Women in Machine Learning & Data Science,https://www.meetup.com/Bay-Area-Women-in-Machine-Learning-and-Data-Science/events/254392070/,9/22/18,Workshop: Intro to Deep Learning NLP with PyTorch,1
Bay Area Women in Machine Learning & Data Science,https://www.meetup.com/Bay-Area-Women-in-Machine-Learning-and-Data-Science/events/qshpzpyxmbdc/,9/22/18,Code and Coffee East Bay,6
Bay Area Women in Machine Learning & Data Science,https://www.meetup.com/Bay-Area-Women-in-Machine-Learning-and-Data-Science/events/vqmwvpyxmbdc/,9/22/18,Code and Coffee Peninsula,7
Bay Area Women in Machine Learning & Data Science,https://www.meetup.com/Bay-Area-Women-in-Machine-Learning-and-Data-Science/events/jkjpgqyxnbjb/,10/6/18,Code and Coffee East Bay,5
Bay Area Women in Machine Learning & Data Science,https://www.meetup.com/Bay-Area-Women-in-Machine-Learning-and-Data-Science/events/vqmwvpyxnbjb/,10/6/18,Code and Coffee Peninsula,7
Bay Area Women in Machine Learning & Data Science,https://www.meetup.com/Bay-Area-Women-in-Machine-Learning-and-Data-Science/events/jkjpgqyxnbbc/,10/20/18,Code and Coffee East Bay,13
Bay Area Women in Machine Learning & Data Science,https://www.meetup.com/Bay-Area-Women-in-Machine-Learning-and-Data-Science/events/vqmwvpyxnbbc/,10/20/18,Code and Coffee Peninsula,7
Bay Area Women in Machine Learning & Data Science,https://www.meetup.com/Bay-Area-Women-in-Machine-Learning-and-Data-Science/events/jkjpgqyxpbfb/,11/3/18,Code and Coffee East Bay,10
Bay Area Women in Machine Learning & Data Science,https://www.meetup.com/Bay-Area-Women-in-Machine-Learning-and-Data-Science/events/vqmwvpyxpbfb/,11/3/18,Code and Coffee Peninsula,6
Bay Area Women in Machine Learning & Data Science,https://www.meetup.com/Bay-Area-Women-in-Machine-Learning-and-Data-Science/events/vtnskqyxpbnb/,11/10/18,Code and Coffee SF,17
Bay Area Women in Machine Learning & Data Science,https://www.meetup.com/Bay-Area-Women-in-Machine-Learning-and-Data-Science/events/jkjpgqyxpbwb/,11/17/18,Code and Coffee East Bay,6
Bay Area Women in Machine Learning & Data Science,https://www.meetup.com/Bay-Area-Women-in-Machine-Learning-and-Data-Science/events/vqmwvpyxpbwb/,11/17/18,Code and Coffee Peninsula,6
Bay Area Women in Machine Learning & Data Science,https://www.meetup.com/Bay-Area-Women-in-Machine-Learning-and-Data-Science/events/256455685/,12/5/18,WiMLDS Happy Hour Winter 2018,89
Bay Area Women in Machine Learning & Data Science,https://www.meetup.com/Bay-Area-Women-in-Machine-Learning-and-Data-Science/events/vqbwkqyxqblb/,1/12/19,Code and Coffee SF,44
Bay Area Women in Machine Learning & Data Science,https://www.meetup.com/Bay-Area-Women-in-Machine-Learning-and-Data-Science/events/vmgqqqyzcbjc/,1/26/19,Code and Coffee East Bay,25
Bay Area Women in Machine Learning & Data Science,https://www.meetup.com/Bay-Area-Women-in-Machine-Learning-and-Data-Science/events/qttmmqyzcbjc/,1/26/19,Code and Coffee Peninsula,13
Bay Area Women in Machine Learning & Data Science,https://www.meetup.com/Bay-Area-Women-in-Machine-Learning-and-Data-Science/events/256165894/,1/31/19,WiMLDS x Criteo: ML in Computational Advertising,156
Bay Area Women in Machine Learning & Data Science,https://www.meetup.com/Bay-Area-Women-in-Machine-Learning-and-Data-Science/events/gxmfrqyzdbmb/,2/9/19,Code and Coffee SF,23
Bay Area Women in Machine Learning & Data Science,https://www.meetup.com/Bay-Area-Women-in-Machine-Learning-and-Data-Science/events/vmgqqqyzdbmb/,2/9/19,Code and Coffee East Bay,15
Bay Area Women in Machine Learning & Data Science,https://www.meetup.com/Bay-Area-Women-in-Machine-Learning-and-Data-Science/events/vmgqqqyzdbfc/,2/23/19,Code and Coffee East Bay,20
Bay Area Women in Machine Learning & Data Science,https://www.meetup.com/Bay-Area-Women-in-Machine-Learning-and-Data-Science/events/qttmmqyzdbfc/,3/2/19,Code and Coffee Peninsula,23
Bay Area Women in Machine Learning & Data Science,https://www.meetup.com/Bay-Area-Women-in-Machine-Learning-and-Data-Science/events/gxmfrqyzfbmb/,3/9/19,Code and Coffee SF,26
Bay Area Women in Machine Learning & Data Science,https://www.meetup.com/Bay-Area-Women-in-Machine-Learning-and-Data-Science/events/vmgqqqyzfbmb/,3/9/19,Code and Coffee East Bay,14
Bay Area Women in Machine Learning & Data Science,https://www.meetup.com/Bay-Area-Women-in-Machine-Learning-and-Data-Science/events/257290299/,3/14/19,WiMLDS x Intuit: Pi Day Meetup,127
Bay Area Women in Machine Learning & Data Science,https://www.meetup.com/Bay-Area-Women-in-Machine-Learning-and-Data-Science/events/vmgqqqyzfbfc/,3/23/19,Code and Coffee East Bay,13
Bay Area Women in Machine Learning & Data Science,https://www.meetup.com/Bay-Area-Women-in-Machine-Learning-and-Data-Science/events/qttmmqyzfbfc/,3/23/19,Code and Coffee Peninsula,10
Bay Area Women in Machine Learning & Data Science,https://www.meetup.com/Bay-Area-Women-in-Machine-Learning-and-Data-Science/events/258681235/,3/26/19,WiMLDS x StitchFix: Lightning Talk Night,337
Bay Area Women in Machine Learning & Data Science,https://www.meetup.com/Bay-Area-Women-in-Machine-Learning-and-Data-Science/events/vmgqqqyzgbjb/,4/6/19,Code and Coffee East Bay,20
Bay Area Women in Machine Learning & Data Science,https://www.meetup.com/Bay-Area-Women-in-Machine-Learning-and-Data-Science/events/gxmfrqyzgbrb/,4/13/19,Code and Coffee SF,34
Bay Area Women in Machine Learning & Data Science,https://www.meetup.com/Bay-Area-Women-in-Machine-Learning-and-Data-Science/events/vmgqqqyzgbbc/,4/20/19,Code and Coffee East Bay,6
Bay Area Women in Machine Learning & Data Science,https://www.meetup.com/Bay-Area-Women-in-Machine-Learning-and-Data-Science/events/qttmmqyzgbkc/,4/27/19,Code and Coffee Peninsula,9
Bay Area Women in Machine Learning & Data Science,https://www.meetup.com/Bay-Area-Women-in-Machine-Learning-and-Data-Science/events/260493539/,5/2/19,Women Entrepreneurs in AI Panel Discussion,220
Bay Area Women in Machine Learning & Data Science,https://www.meetup.com/Bay-Area-Women-in-Machine-Learning-and-Data-Science/events/vmgqqqyzhbgb/,5/4/19,Code and Coffee East Bay,10
Boulder Women in Machine Learning & Data Science,https://www.meetup.com/Boulder-Women-in-Machine-Learning-and-Data-Science/events/231131889/,6/8/16,Meet and Greet,36
Boulder Women in Machine Learning & Data Science,https://www.meetup.com/Boulder-Women-in-Machine-Learning-and-Data-Science/events/232420256/,7/18/16,Building a Choropleth Map using D3.js,13
Boulder Women in Machine Learning & Data Science,https://www.meetup.com/Boulder-Women-in-Machine-Learning-and-Data-Science/events/232808400/,8/24/16,Workshop: Submit a Talk to a Data Conference!,14
Boulder Women in Machine Learning & Data Science,https://www.meetup.com/Boulder-Women-in-Machine-Learning-and-Data-Science/events/233668576/,9/20/16,Data Dinner!,19
Boulder Women in Machine Learning & Data Science,https://www.meetup.com/Boulder-Women-in-Machine-Learning-and-Data-Science/events/234677110/,10/18/16,Night Sky Net: Galaxy Classification using Deep Learning,15
Boulder Women in Machine Learning & Data Science,https://www.meetup.com/Boulder-Women-in-Machine-Learning-and-Data-Science/events/234240895/,11/7/16,The Big Data Makeover: How things have changed over 10 years,33
Boulder Women in Machine Learning & Data Science,https://www.meetup.com/Boulder-Women-in-Machine-Learning-and-Data-Science/events/236074025/,1/24/17,Winter Data Dinner,19
Boulder Women in Machine Learning & Data Science,https://www.meetup.com/Boulder-Women-in-Machine-Learning-and-Data-Science/events/236735462/,1/26/17,Diversity in Tech/Engineering Career Day,13
Boulder Women in Machine Learning & Data Science,https://www.meetup.com/Boulder-Women-in-Machine-Learning-and-Data-Science/events/237555451/,2/27/17,Deep Neural Nets in Medical Image Analysis,13
Boulder Women in Machine Learning & Data Science,https://www.meetup.com/Boulder-Women-in-Machine-Learning-and-Data-Science/events/237879211/,3/8/17,International Women's Day Hack Night with Flock,6
Boulder Women in Machine Learning & Data Science,https://www.meetup.com/Boulder-Women-in-Machine-Learning-and-Data-Science/events/237591345/,3/15/17,"A night of lightning talks: career lessons, optimization, and data science",31
Boulder Women in Machine Learning & Data Science,https://www.meetup.com/Boulder-Women-in-Machine-Learning-and-Data-Science/events/238599405/,4/20/17,Data Dinner!,13
Boulder Women in Machine Learning & Data Science,https://www.meetup.com/Boulder-Women-in-Machine-Learning-and-Data-Science/events/239511611/,6/27/17,Spark & Sports Analytics,19
Boulder Women in Machine Learning & Data Science,https://www.meetup.com/Boulder-Women-in-Machine-Learning-and-Data-Science/events/243259446/,10/11/17,Small-group Mentor Night: Unblock Yourself!,34
Boulder Women in Machine Learning & Data Science,https://www.meetup.com/Boulder-Women-in-Machine-Learning-and-Data-Science/events/244607289/,11/30/17,"A night of lightning talks: fire risk, customer value, ski runs, and flooding",56
Boulder Women in Machine Learning & Data Science,https://www.meetup.com/Boulder-Women-in-Machine-Learning-and-Data-Science/events/244262098/,12/19/17,Holiday Data Happy Hour,26
Boulder Women in Machine Learning & Data Science,https://www.meetup.com/Boulder-Women-in-Machine-Learning-and-Data-Science/events/247091371/,2/8/18,Visualization Workshop: Learn Bokeh,25
Boulder Women in Machine Learning & Data Science,https://www.meetup.com/Boulder-Women-in-Machine-Learning-and-Data-Science/events/247626670/,3/5/18,Women in Data Science (WiDS) Conference - Livestream,31
Boulder Women in Machine Learning & Data Science,https://www.meetup.com/Boulder-Women-in-Machine-Learning-and-Data-Science/events/249239260/,4/17/18,Data Dinner!,16
Boulder Women in Machine Learning & Data Science,https://www.meetup.com/Boulder-Women-in-Machine-Learning-and-Data-Science/events/250432907/,5/14/18,Boulder Startup Week - Data Science Track,11
Boulder Women in Machine Learning & Data Science,https://www.meetup.com/Boulder-Women-in-Machine-Learning-and-Data-Science/events/251891934/,7/3/18,Data Dinner!,12
Boulder Women in Machine Learning & Data Science,https://www.meetup.com/Boulder-Women-in-Machine-Learning-and-Data-Science/events/253845214/,9/6/18,Intro to Kafka,35
Boulder Women in Machine Learning & Data Science,https://www.meetup.com/Boulder-Women-in-Machine-Learning-and-Data-Science/events/256982810/,12/19/18,Machine Learning Failures - For Art!,33
Boulder Women in Machine Learning & Data Science,https://www.meetup.com/Boulder-Women-in-Machine-Learning-and-Data-Science/events/258229888/,1/28/19,Data Dinner!,20
Boulder Women in Machine Learning & Data Science,https://www.meetup.com/Boulder-Women-in-Machine-Learning-and-Data-Science/events/258700233/,2/11/19,Datathon - Round 1,12
Boulder Women in Machine Learning & Data Science,https://www.meetup.com/Boulder-Women-in-Machine-Learning-and-Data-Science/events/258509717/,2/26/19,Datathon - Round 2,13
Boulder Women in Machine Learning & Data Science,https://www.meetup.com/Boulder-Women-in-Machine-Learning-and-Data-Science/events/260118460/,4/16/19,Women in Data Science (WiDS) - Boulder,23
Charlottesville Women in Machine Learning and Data Science,https://www.meetup.com/Charlottesville-Women-in-Machine-Learning-and-Data-Science/events/248040864/,3/6/18,Charlottesville WiMLDS Kickoff Social,9
Charlottesville Women in Machine Learning and Data Science,https://www.meetup.com/Charlottesville-Women-in-Machine-Learning-and-Data-Science/events/249189613/,4/12/18,Applied Machine Learning Conference (Tom Tom Founders Festival),6
Chicago Women in Machine Learning & Data Science,https://www.meetup.com/Chicago-Women-in-Machine-Learning-Data-Science/events/230291968/,5/19/16,Inaugural Meetup Event,56
Chicago Women in Machine Learning & Data Science,https://www.meetup.com/Chicago-Women-in-Machine-Learning-Data-Science/events/231777376/,6/30/16,WiMLDS & PyLadies Women in Data Engineer & Data Science Panel,50
Chicago Women in Machine Learning & Data Science,https://www.meetup.com/Chicago-Women-in-Machine-Learning-Data-Science/events/231864312/,7/15/16,Lunch & Learn SQL with Katherine Keenan,25
Chicago Women in Machine Learning & Data Science,https://www.meetup.com/Chicago-Women-in-Machine-Learning-Data-Science/events/231322784/,7/21/16,An Evening with Women in DSSG,37
Chicago Women in Machine Learning & Data Science,https://www.meetup.com/Chicago-Women-in-Machine-Learning-Data-Science/events/231251060/,9/8/16,Featured Speaker: Daphne Kao,53
Chicago Women in Machine Learning & Data Science,https://www.meetup.com/Chicago-Women-in-Machine-Learning-Data-Science/events/232040495/,9/21/16,The Data Scientist and the Data Engineer should be Friends,52
Chicago Women in Machine Learning & Data Science,https://www.meetup.com/Chicago-Women-in-Machine-Learning-Data-Science/events/235932485/,2/3/17,Women in Data Science 2017 Conference Screening,59
Chicago Women in Machine Learning & Data Science,https://www.meetup.com/Chicago-Women-in-Machine-Learning-Data-Science/events/239201304/,5/31/17,Panel Discussion: Diversity in Data Science Fields,43
Chicago Women in Machine Learning & Data Science,https://www.meetup.com/Chicago-Women-in-Machine-Learning-Data-Science/events/240592987/,6/22/17,Data Science Job Search 101 #ProTips,32
Chicago Women in Machine Learning & Data Science,https://www.meetup.com/Chicago-Women-in-Machine-Learning-Data-Science/events/247333462/,3/5/18,Women In Data Science 2018: Conference Screening,118
Chicago Women in Machine Learning & Data Science,https://www.meetup.com/Chicago-Women-in-Machine-Learning-Data-Science/events/252656236/,7/25/18,Demystifying Deep Learning: Hands-on Workshop,40
Chicago Women in Machine Learning & Data Science,https://www.meetup.com/Chicago-Women-in-Machine-Learning-Data-Science/events/258906927/,3/8/19,WiMLDS / Women in Data Science International Women‚Äôs Day Event,57
Corpus Christi Women in Machine Learning and Data Science,https://www.meetup.com/Corpus-Christi-Women-in-Machine-Learning-and-Data-Science/events/239387558/,4/28/17,Inaugural WiMLDS meetup in Corpus Christi,18
Corpus Christi Women in Machine Learning and Data Science,https://www.meetup.com/Corpus-Christi-Women-in-Machine-Learning-and-Data-Science/events/244643442/,11/3/17,The Democratization of Machine Learning,7
Corpus Christi Women in Machine Learning and Data Science,https://www.meetup.com/Corpus-Christi-Women-in-Machine-Learning-and-Data-Science/events/260625838/,4/19/19,Machine Learning in Autonomous Driving,3
Corpus Christi Women in Machine Learning and Data Science,https://www.meetup.com/Corpus-Christi-Women-in-Machine-Learning-and-Data-Science/events/260625951/,4/26/19,Integrating Learning with Game Theory for Societal Challenges,2
Metro Detroit Women in Machine Learning and Data Science,https://www.meetup.com/Metro-Detroit-Women-in-Machine-Learning-and-Data-Science/events/236435694/,2/3/17,Women in Data Science 2017 Conference Screening,6
Metro Detroit Women in Machine Learning and Data Science,https://www.meetup.com/Metro-Detroit-Women-in-Machine-Learning-and-Data-Science/events/238132588/,3/22/17,Troy - Happy Hour & Networking,11
Metro Detroit Women in Machine Learning and Data Science,https://www.meetup.com/Metro-Detroit-Women-in-Machine-Learning-and-Data-Science/events/238132734/,5/2/17,Detroit - Happy Hour & Networking,7
Metro Detroit Women in Machine Learning and Data Science,https://www.meetup.com/Metro-Detroit-Women-in-Machine-Learning-and-Data-Science/events/241649593/,7/31/17,Careers in Data Science: Panel Discussion,44
Metro Detroit Women in Machine Learning and Data Science,https://www.meetup.com/Metro-Detroit-Women-in-Machine-Learning-and-Data-Science/events/244558873/,11/8/17,November Meetup: Open Issues,12
Metro Detroit Women in Machine Learning and Data Science,https://www.meetup.com/Metro-Detroit-Women-in-Machine-Learning-and-Data-Science/events/260839821/,5/1/19,WiMLDS Happy Hour and Networking,10
Montreal Women in Machine Learning and Data Science,https://www.meetup.com/wimlds-mtl/events/256185842/,12/4/18,WiMLDS Montreal #1: Launch Edition & NeurIPS Conference Special,326
Montreal Women in Machine Learning and Data Science,https://www.meetup.com/wimlds-mtl/events/259102149/,3/8/19,WiMLDS Montreal #2: International Women's Day!,119
NYC Women in Machine Learning & Data Science,https://www.meetup.com/NYC-WiMLDS/events/212194732/,11/5/14,Inaugural Meetup Event,115
NYC Women in Machine Learning & Data Science,https://www.meetup.com/NYC-WiMLDS/events/218250242/,12/10/14,"Learning, Mining and Graphs",81
NYC Women in Machine Learning & Data Science,https://www.meetup.com/NYC-WiMLDS/events/219604080/,1/8/15,Board Formation,28
NYC Women in Machine Learning & Data Science,https://www.meetup.com/NYC-WiMLDS/events/219204173/,1/27/15,CANCELLED: A discussion of the evolving definition of data scientist,126
NYC Women in Machine Learning & Data Science,https://www.meetup.com/NYC-WiMLDS/events/220153530/,2/12/15,Speed data-ing,50
NYC Women in Machine Learning & Data Science,https://www.meetup.com/NYC-WiMLDS/events/220163348/,2/26/15,Project demo night,69
NYC Women in Machine Learning & Data Science,https://www.meetup.com/NYC-WiMLDS/events/220163676/,3/12/15,A discussion on the evolving definition of a data scientist,137
NYC Women in Machine Learning & Data Science,https://www.meetup.com/NYC-WiMLDS/events/220676792/,3/18/15,Grace Hopper Celebration in NYC,7
NYC Women in Machine Learning & Data Science,https://www.meetup.com/NYC-WiMLDS/events/221043333/,4/2/15,Scaling language understanding in a mono-lingual and multi-lingual context,91
NYC Women in Machine Learning & Data Science,https://www.meetup.com/NYC-WiMLDS/events/221484441/,4/14/15,A hands-on introduction to R,60
NYC Women in Machine Learning & Data Science,https://www.meetup.com/NYC-WiMLDS/events/221742043/,4/28/15,An Intro to Machine Learning and Predictive Analytics using Azure ML,96
NYC Women in Machine Learning & Data Science,https://www.meetup.com/NYC-WiMLDS/events/221781721/,5/14/15,The Future of Technology Transfer,75
NYC Women in Machine Learning & Data Science,https://www.meetup.com/NYC-WiMLDS/events/222600741/,6/3/15,Resume reviewing & Interviewing tips,62
NYC Women in Machine Learning & Data Science,https://www.meetup.com/NYC-WiMLDS/events/222647643/,6/20/15,A Hands-on Introduction to D3,65
NYC Women in Machine Learning & Data Science,https://www.meetup.com/NYC-WiMLDS/events/223386325/,7/21/15,Mobile Network Fraud Analysis and Detection,107
NYC Women in Machine Learning & Data Science,https://www.meetup.com/NYC-WiMLDS/events/223775008/,8/6/15,Data Science and Emerging Technology at Thomson Reuters,175
NYC Women in Machine Learning & Data Science,https://www.meetup.com/NYC-WiMLDS/events/224166656/,8/20/15,Statistical Challenges in Oncology at Flatiron Health,142
NYC Women in Machine Learning & Data Science,https://www.meetup.com/NYC-WiMLDS/events/224521077/,9/10/15,NLP for Automated Grammatical Error Correction,96
NYC Women in Machine Learning & Data Science,https://www.meetup.com/NYC-WiMLDS/events/225218425/,9/24/15,Before Kaggle: from a business goal to a machine learning problem,132
NYC Women in Machine Learning & Data Science,https://www.meetup.com/NYC-WiMLDS/events/226066214/,10/27/15,Data Science at Knewton,82
NYC Women in Machine Learning & Data Science,https://www.meetup.com/NYC-WiMLDS/events/225784729/,10/31/15,Hands-on Introduction to Django,25
NYC Women in Machine Learning & Data Science,https://www.meetup.com/NYC-WiMLDS/events/225972383/,11/7/15,Healthcare hack-a-thon,2
NYC Women in Machine Learning & Data Science,https://www.meetup.com/NYC-WiMLDS/events/226525191/,11/18/15,Technical Blogging Workshop,42
NYC Women in Machine Learning & Data Science,https://www.meetup.com/NYC-WiMLDS/events/225784769/,12/5/15,Intermediate Python Hands-on Workshop,36
NYC Women in Machine Learning & Data Science,https://www.meetup.com/NYC-WiMLDS/events/227608424/,1/21/16,Data Science + the EHR,159
NYC Women in Machine Learning & Data Science,https://www.meetup.com/NYC-WiMLDS/events/227686920/,2/3/16,Advanced Machine Learning Tutorial,92
NYC Women in Machine Learning & Data Science,https://www.meetup.com/NYC-WiMLDS/events/228485984/,2/24/16,Modeling the Success of Software Developer Job Applications,113
NYC Women in Machine Learning & Data Science,https://www.meetup.com/NYC-WiMLDS/events/228744644/,3/15/16,Image Recognition Through Deep Learning & Neural Networks,100
NYC Women in Machine Learning & Data Science,https://www.meetup.com/NYC-WiMLDS/events/229369293/,4/14/16,Machine Learning at Bloomberg,350
NYC Women in Machine Learning & Data Science,https://www.meetup.com/NYC-WiMLDS/events/230501617/,5/11/16,Machine Learning in Finance: Application to Real Asset Pricing,216
NYC Women in Machine Learning & Data Science,https://www.meetup.com/NYC-WiMLDS/events/230658399/,6/5/16,Random Forest Classification Workshop: Practical Tips,73
NYC Women in Machine Learning & Data Science,https://www.meetup.com/NYC-WiMLDS/events/230714509/,6/7/16,Big Data Applications at AT&T Labs (featuring hands-on RCloud demo),66
NYC Women in Machine Learning & Data Science,https://www.meetup.com/NYC-WiMLDS/events/232092107/,7/12/16,Evening AI Camp @ UN,6
NYC Women in Machine Learning & Data Science,https://www.meetup.com/NYC-WiMLDS/events/232097514/,7/18/16,Scalable Machine Learning with H2O,142
NYC Women in Machine Learning & Data Science,https://www.meetup.com/NYC-WiMLDS/events/231729916/,8/4/16,Intro to Azure Machine Learning,126
NYC Women in Machine Learning & Data Science,https://www.meetup.com/NYC-WiMLDS/events/233015046/,8/23/16,Faster Python Computing with Pyfora,152
NYC Women in Machine Learning & Data Science,https://www.meetup.com/NYC-WiMLDS/events/233735776/,9/14/16,Data Science and Data Architecture at ADP,147
NYC Women in Machine Learning & Data Science,https://www.meetup.com/NYC-WiMLDS/events/233967033/,9/26/16,Measuring Software Quality at Cloudera,94
NYC Women in Machine Learning & Data Science,https://www.meetup.com/NYC-WiMLDS/events/234380317/,10/11/16,Apache Spark Workshop,120
NYC Women in Machine Learning & Data Science,https://www.meetup.com/NYC-WiMLDS/events/234863804/,11/12/16,Recommendation Engines Workshop,58
NYC Women in Machine Learning & Data Science,https://www.meetup.com/NYC-WiMLDS/events/235881587/,1/21/17,Neural Networks Workshop,54
NYC Women in Machine Learning & Data Science,https://www.meetup.com/NYC-WiMLDS/events/234329358/,2/3/17,Women in Data Science 2017 Conference Screening,277
NYC Women in Machine Learning & Data Science,https://www.meetup.com/NYC-WiMLDS/events/237123181/,3/4/17,Scikit-learn Sprint (to contribute to open source),60
NYC Women in Machine Learning & Data Science,https://www.meetup.com/NYC-WiMLDS/events/237806418/,3/15/17,[Cancelled] Digital Data Science at JPMorgan Chase,1
NYC Women in Machine Learning & Data Science,https://www.meetup.com/NYC-WiMLDS/events/237711666/,3/25/17,Smart Cities Hack,5
NYC Women in Machine Learning & Data Science,https://www.meetup.com/NYC-WiMLDS/events/238572349/,4/5/17,Digital Data Science at JPMorgan Chase,1
NYC Women in Machine Learning & Data Science,https://www.meetup.com/NYC-WiMLDS/events/236806622/,4/15/17,Tensorflow for Deep Learning,65
NYC Women in Machine Learning & Data Science,https://www.meetup.com/NYC-WiMLDS/events/240208126/,5/31/17,Building Efficient Pipelines in Apache Spark,124
NYC Women in Machine Learning & Data Science,https://www.meetup.com/NYC-WiMLDS/events/240856113/,6/24/17,PySpark Workshop,100
NYC Women in Machine Learning & Data Science,https://www.meetup.com/NYC-WiMLDS/events/240886534/,7/13/17,Machine Learning at Spotify,160
NYC Women in Machine Learning & Data Science,https://www.meetup.com/NYC-WiMLDS/events/240870777/,7/22/17,STAN Workshop,67
NYC Women in Machine Learning & Data Science,https://www.meetup.com/NYC-WiMLDS/events/241877545/,8/3/17,Enigma and the Big Data Picture,128
NYC Women in Machine Learning & Data Science,https://www.meetup.com/NYC-WiMLDS/events/242712810/,8/29/17,Pondering Predictability,188
NYC Women in Machine Learning & Data Science,https://www.meetup.com/NYC-WiMLDS/events/244052436/,10/19/17,Female CEOs of AI Centered Companies,150
NYC Women in Machine Learning & Data Science,https://www.meetup.com/NYC-WiMLDS/events/244032981/,10/23/17,Investigating Complex Data Relationships through Graphs,114
NYC Women in Machine Learning & Data Science,https://www.meetup.com/NYC-WiMLDS/events/244578189/,11/7/17,"Tech Humanism: Data, Meaning, and Human Experience",39
NYC Women in Machine Learning & Data Science,https://www.meetup.com/NYC-WiMLDS/events/244052546/,12/12/17,Real World Interactive Learning,191
NYC Women in Machine Learning & Data Science,https://www.meetup.com/NYC-WiMLDS/events/246220505/,1/18/18,Women In Tech Event - Deep Learning Talk: Convolutional Neural Networks,47
NYC Women in Machine Learning & Data Science,https://www.meetup.com/NYC-WiMLDS/events/247930964/,3/2/18,Women in Data Conference NYC,1
NYC Women in Machine Learning & Data Science,https://www.meetup.com/NYC-WiMLDS/events/248641818/,3/20/18,#PressforProgress: Women in Data,158
NYC Women in Machine Learning & Data Science,https://www.meetup.com/NYC-WiMLDS/events/248209578/,3/27/18,Bayesian inference for A/B testing,277
NYC Women in Machine Learning & Data Science,https://www.meetup.com/NYC-WiMLDS/events/248210056/,4/26/18,Machine Learning at Capital One,250
NYC Women in Machine Learning & Data Science,https://www.meetup.com/NYC-WiMLDS/events/252035884/,7/14/18,Bot in a Day Workshop,23
NYC Women in Machine Learning & Data Science,https://www.meetup.com/NYC-WiMLDS/events/252097079/,7/25/18,Managing Up: Build a better relationship with your boss,71
NYC Women in Machine Learning & Data Science,https://www.meetup.com/NYC-WiMLDS/events/251615418/,8/9/18,A Night of Diversity and Data Viz @ McKinsey,120
NYC Women in Machine Learning & Data Science,https://www.meetup.com/NYC-WiMLDS/events/253590704/,9/22/18,GraphHack 2018: Neo4j Buzzword Bingo Hackathon,1
NYC Women in Machine Learning & Data Science,https://www.meetup.com/NYC-WiMLDS/events/253593297/,9/29/18,Scikit-learn Sprint (to contribute to open source),63
NYC Women in Machine Learning & Data Science,https://www.meetup.com/NYC-WiMLDS/events/254282334/,10/11/18,Kristen Sosulski of NYU + Exploring Public Data with Enigma,131
NYC Women in Machine Learning & Data Science,https://www.meetup.com/NYC-WiMLDS/events/255098438/,10/23/18,Intro To Neo4j Graph Database (@NY Times),109
NYC Women in Machine Learning & Data Science,https://www.meetup.com/NYC-WiMLDS/events/256030479/,11/14/18,Panel: How to Start a Tech Meetup (registration link is below),1
NYC Women in Machine Learning & Data Science,https://www.meetup.com/NYC-WiMLDS/events/256307623/,12/5/18,Tips for Better Predictive Models (@Foursquare),194
NYC Women in Machine Learning & Data Science,https://www.meetup.com/NYC-WiMLDS/events/255216081/,1/26/19,Understanding Probability Theory With Exercises in R and Python,79
NYC Women in Machine Learning & Data Science,https://www.meetup.com/NYC-WiMLDS/events/258684683/,3/14/19,Women in Data Science (WiDS) Conference NYC [register with SAP],2
NYC Women in Machine Learning & Data Science,https://www.meetup.com/NYC-WiMLDS/events/258903629/,3/26/19,Data Science & Artificial Intelligence Research at AT&T Labs & Xandr (AppNexus),289
NYC Women in Machine Learning & Data Science,https://www.meetup.com/NYC-WiMLDS/events/260071792/,4/9/19,Diversity as a Data Science Imperative [see link for registration],1
NYC Women in Machine Learning & Data Science,https://www.meetup.com/NYC-WiMLDS/events/260254114/,4/15/19,Machine Learning w/Graph Algorithms+Cypher for Apache Spark [register w/Neo4j],1
NYC Women in Machine Learning & Data Science,https://www.meetup.com/NYC-WiMLDS/events/259523757/,4/24/19,Facebook Artificial Intelligence (FB AI),3
NYC Women in Machine Learning & Data Science,https://www.meetup.com/NYC-WiMLDS/events/260581978/,4/29/19,PyGotham Proposal (CFP) Brainstorming [** RSVP with PyLadies **],2
NC Women in Machine Learning and Data Science,https://www.meetup.com/NC-Women-in-Machine-Learning-and-Data-Science/events/229154956/,3/23/16,Is it time for a PhD in Data Science?,63
NC Women in Machine Learning and Data Science,https://www.meetup.com/NC-Women-in-Machine-Learning-and-Data-Science/events/231595035/,6/30/16,Data Science Driving Value at MetLife,59
NC Women in Machine Learning and Data Science,https://www.meetup.com/NC-Women-in-Machine-Learning-and-Data-Science/events/233216457/,8/24/16,Intern lightning talks and Data Science at RTI International,29
NC Women in Machine Learning and Data Science,https://www.meetup.com/NC-Women-in-Machine-Learning-and-Data-Science/events/235444986/,11/21/16,Tales from the World of Health Analytics Strategic Consulting,43
NC Women in Machine Learning and Data Science,https://www.meetup.com/NC-Women-in-Machine-Learning-and-Data-Science/events/236699914/,2/3/17,Women in Data Science Conference Screening + career panel,71
NC Women in Machine Learning and Data Science,https://www.meetup.com/NC-Women-in-Machine-Learning-and-Data-Science/events/241401271/,7/17/17,"To be Healthy, Wealthy, and Wise: Using Decision Modeling to Personalize Policy",31
NC Women in Machine Learning and Data Science,https://www.meetup.com/NC-Women-in-Machine-Learning-and-Data-Science/events/245315055/,12/13/17,"Data science in high-tech manufacturing, agriculture + fin-tech",39
NC Women in Machine Learning and Data Science,https://www.meetup.com/NC-Women-in-Machine-Learning-and-Data-Science/events/247880087/,3/5/18,Partner Event: Livestream of Women in Data Science Conference w/free lunch!,1
NC Women in Machine Learning and Data Science,https://www.meetup.com/NC-Women-in-Machine-Learning-and-Data-Science/events/248439742/,3/10/18,Partner Event: Research Triangle Analysts Annual Analytics Forward,1
NC Women in Machine Learning and Data Science,https://www.meetup.com/NC-Women-in-Machine-Learning-and-Data-Science/events/248379246/,4/3/18,Partner Event: Triangle Machine Learning Day,1
NC Women in Machine Learning and Data Science,https://www.meetup.com/NC-Women-in-Machine-Learning-and-Data-Science/events/248549504/,4/5/18,Partner event: Analytics in Action: Trends You Need to Know,1
NC Women in Machine Learning and Data Science,https://www.meetup.com/NC-Women-in-Machine-Learning-and-Data-Science/events/250590911/,5/31/18,How to Build Medical Scoring Systems (Machine Learning in Health Care series),62
NC Women in Machine Learning and Data Science,https://www.meetup.com/NC-Women-in-Machine-Learning-and-Data-Science/events/254789076/,10/4/18,Introduction to Modern Machine Learning Techniques,50
NC Women in Machine Learning and Data Science,https://www.meetup.com/NC-Women-in-Machine-Learning-and-Data-Science/events/257103789/,12/13/18,Partner event: Data + Women + Triangle Holiday potluck,1
NC Women in Machine Learning and Data Science,https://www.meetup.com/NC-Women-in-Machine-Learning-and-Data-Science/events/258942484/,2/27/19,Why Health Care Needs Another OR (Machine Learning in Health Care series),29
Pittsburgh Women in Machine Learning and Data Science,https://www.meetup.com/Pittsburgh-Women-in-Machine-Learning-and-Data-Science/events/254959939/,11/7/18,Target Hosts: Pittsburgh Women in Machine Learning and Data Science,29
Pittsburgh Women in Machine Learning and Data Science,https://www.meetup.com/Pittsburgh-Women-in-Machine-Learning-and-Data-Science/events/258561944/,2/20/19,Robotics and Data Science: A Visit to the National Robotics Engineering Center,15
Pittsburgh Women in Machine Learning and Data Science,https://www.meetup.com/Pittsburgh-Women-in-Machine-Learning-and-Data-Science/events/259148005/,3/13/19,An Evening at Petuum: Artificial Intelligence For All!,25
Pittsburgh Women in Machine Learning and Data Science,https://www.meetup.com/Pittsburgh-Women-in-Machine-Learning-and-Data-Science/events/259729461/,4/5/19,Women in Data Science Conference,16
Seattle Women in Machine Learning and Data Science,https://www.meetup.com/Seattle-Women-in-Machine-Learning-and-Data-Science/events/254108557/,9/14/18,Meet and Greet in Seattle,20
Seattle Women in Machine Learning and Data Science,https://www.meetup.com/Seattle-Women-in-Machine-Learning-and-Data-Science/events/258335770/,2/7/19,Human-Centered Data Science Meetup,40
VT Women in Machine Learning & Data Science,https://www.meetup.com/VT-WiMLDS/events/241320269/,7/19/17,What's Next for VT WiMLDS,6
VT Women in Machine Learning & Data Science,https://www.meetup.com/VT-WiMLDS/events/242357031/,8/11/17,Social for the Data-Curious,10
VT Women in Machine Learning & Data Science,https://www.meetup.com/VT-WiMLDS/events/243235685/,9/20/17,How to Get Started in Data Science and Machine Learning,22
VT Women in Machine Learning & Data Science,https://www.meetup.com/VT-WiMLDS/events/243552541/,9/22/17,Friday Afternoon Data Hangout,3
VT Women in Machine Learning & Data Science,https://www.meetup.com/VT-WiMLDS/events/243680164/,9/29/17,Co-working Lunch,3
VT Women in Machine Learning & Data Science,https://www.meetup.com/VT-WiMLDS/events/243758681/,10/4/17,Generative Art Talk at Champlain,4
VT Women in Machine Learning & Data Science,https://www.meetup.com/VT-WiMLDS/events/244288390/,10/27/17,Halloween Social for the Data Curious,6
VT Women in Machine Learning & Data Science,https://www.meetup.com/VT-WiMLDS/events/244580430/,11/1/17,"Chris Danforth Talks Complexity, Big Data & Social Networks @ Champlain",4
VT Women in Machine Learning & Data Science,https://www.meetup.com/VT-WiMLDS/events/247097232/,2/5/18,Ladies Hang & Talk Data,4
VT Women in Machine Learning & Data Science,https://www.meetup.com/VT-WiMLDS/events/247782375/,3/7/18,Intro to Python Course!,30
VT Women in Machine Learning & Data Science,https://www.meetup.com/VT-WiMLDS/events/248487143/,3/20/18,Ladies' Taco Tuesday: Newcomers encouraged!,6
VT Women in Machine Learning & Data Science,https://www.meetup.com/VT-WiMLDS/events/248523206/,3/21/18,[RESCHEDULED] Intro to Python Course Part 2!,19
VT Women in Machine Learning & Data Science,https://www.meetup.com/VT-WiMLDS/events/249134309/,3/28/18,Dinner at New World Tortilla & Viral Ideas Lecture at Generator!,5
VT Women in Machine Learning & Data Science,https://www.meetup.com/VT-WiMLDS/events/249189295/,4/3/18,Intro to Python: Part 3,7
VT Women in Machine Learning & Data Science,https://www.meetup.com/VT-WiMLDS/events/249135238/,4/8/18,Conquering imposter syndrome over Sunday morning tea,5
VT Women in Machine Learning & Data Science,https://www.meetup.com/VT-WiMLDS/events/251408525/,6/18/18,Drinks @ Waterworks,10
VT Women in Machine Learning & Data Science,https://www.meetup.com/VT-WiMLDS/events/253945651/,8/22/18,Wine Wednesday @ Daily Planet,6
VT Women in Machine Learning & Data Science,https://www.meetup.com/VT-WiMLDS/events/253977932/,8/26/18,Goal-Setting Afternoon Tea,2
VT Women in Machine Learning & Data Science,https://www.meetup.com/VT-WiMLDS/events/254557200/,9/12/18,#BTVdev Slack Tech Community Meetup,4
VT Women in Machine Learning & Data Science,https://www.meetup.com/VT-WiMLDS/events/254769112/,9/19/18,"Data Visualization Artist Talk: Katie McCurdy, PictalHealth",3
VT Women in Machine Learning & Data Science,https://www.meetup.com/VT-WiMLDS/events/254793813/,9/26/18,Lisa Soros on Creating Creativity: Artificial Life and Evolution in Design,2
VT Women in Machine Learning & Data Science,https://www.meetup.com/VT-WiMLDS/events/255173631/,10/15/18,Sector Mash Meetup from #CodeforBTV,9
VT Women in Machine Learning & Data Science,https://www.meetup.com/VT-WiMLDS/events/256157959/,11/15/18,Where Have all The Women Gone? #WomenInTech Panel Discussion,5
VT Women in Machine Learning & Data Science,https://www.meetup.com/VT-WiMLDS/events/256158134/,11/28/18,"Reckless Ideas Lecture: More Data, More Problems (Julia Vallera & Randall Harp)",8
VT Women in Machine Learning & Data Science,https://www.meetup.com/VT-WiMLDS/events/256151861/,12/19/18,Winter Party and Rapid Fire Talks,12
VT Women in Machine Learning & Data Science,https://www.meetup.com/VT-WiMLDS/events/258099650/,1/24/19,Road trip! Processing Community Day in Boston,2
VT Women in Machine Learning & Data Science,https://www.meetup.com/VT-WiMLDS/events/258279643/,1/31/19,Leading with Logic: A Mixer for Women in Business and Technology,5
VT Women in Machine Learning & Data Science,https://www.meetup.com/VT-WiMLDS/events/258533896/,2/9/19,Road Trip! Processing Community Day in Montreal + Alexander Calder @ MMFA,2
VT Women in Machine Learning & Data Science,https://www.meetup.com/VT-WiMLDS/events/258534143/,3/2/19,Global Diversity CFP Day: How to Submit Presentation Proposals to Tech Events,2
VT Women in Machine Learning & Data Science,https://www.meetup.com/VT-WiMLDS/events/256809403/,4/3/19,Movie Night! WiDS Conference Pre-Party,14
VT Women in Machine Learning & Data Science,https://www.meetup.com/VT-WiMLDS/events/258279941/,4/13/19,Women in Data Science Burlington Conference,70
Buenos Aires Women in Machine Learning and Data Science,https://www.meetup.com/Buenos-Aires-Women-in-Machine-Learning-Data-Science/events/251309296/,6/18/18,Primer meetup + Nos visita Tamara Broderick!,10
Buenos Aires Women in Machine Learning and Data Science,https://www.meetup.com/Buenos-Aires-Women-in-Machine-Learning-Data-Science/events/254101546/,9/1/18,Reuni√≥n informal,7
Buenos Aires Women in Machine Learning and Data Science,https://www.meetup.com/Buenos-Aires-Women-in-Machine-Learning-Data-Science/events/260092089/,4/10/19,Taller de introducci√≥n a Python,56
S√£o Paulo Women in Machine Learning & Data Science,https://www.meetup.com/Sao-Paulo-Women-in-Machine-Learning-Data-Science/events/258912866/,2/26/19,Happy Hour de Inaugura√ß√£o do WiMLDS S√£o Paulo,28
London Women in Machine Learning & Data Science,https://www.meetup.com/London-Women-in-Machine-Learning-and-Data-Science/events/259340961/,3/12/19,Women's day special with Spotify on user personalisation & Deep Learning & Art,81
London Women in Machine Learning & Data Science,https://www.meetup.com/London-Women-in-Machine-Learning-and-Data-Science/events/260161021/,4/16/19,"Ethics, Bias & Algorithmic Fairness in the world of Artificial Intelligence",92
Dallas-Fort Worth Women in Machine Learning & Data Science,https://www.meetup.com/Dallas-Fort-Worth-Women-in-Machine-Learning-and-Data-Science/events/258543366/,2/9/19,Casual get together/ mentorship session,10
Dallas-Fort Worth Women in Machine Learning & Data Science,https://www.meetup.com/Dallas-Fort-Worth-Women-in-Machine-Learning-and-Data-Science/events/259259415/,3/30/19,Code and coffee,13
Vancouver Women in Machine Learning and Data Science,https://www.meetup.com/Vancouver-Women-in-Machine-Learning-and-Data-Science/events/259616718/,3/12/19,AI and the Future of Work - Dr. Stella Lee,2
Vancouver Women in Machine Learning and Data Science,https://www.meetup.com/Vancouver-Women-in-Machine-Learning-and-Data-Science/events/260016971/,4/9/19,Thick Data: Importance of Qualitative Methods in Data Science,15
La Paz Women in Machine Learning & Data Science,https://www.meetup.com/La-Paz-Women-in-Machine-Learning-and-Data-Science/events/256929449/,12/7/18,El impacto de Machine Learning y primeros pasos en Python.,27
La Paz Women in Machine Learning & Data Science,https://www.meetup.com/La-Paz-Women-in-Machine-Learning-and-Data-Science/events/259318676/,3/9/19,Transfer Learning con PyTorch,5
Cochabamba Women in Machine Learning & Data Science,https://www.meetup.com/Cochabamba-Women-in-Machine-Learning-and-Data-Science/events/258828983/,2/27/19,Herramientas para Data Science,7
Cochabamba Women in Machine Learning & Data Science,https://www.meetup.com/Cochabamba-Women-in-Machine-Learning-and-Data-Science/events/259646354/,3/20/19,Herramientas en Data Science y Machine Learning,20
Cochabamba Women in Machine Learning & Data Science,https://www.meetup.com/Cochabamba-Women-in-Machine-Learning-and-Data-Science/events/260263905/,4/10/19,Haciendo carrera en Machine Learning - Inteligencia Artificial,15
Bhopal Women in Machine Learning & Data Science,https://www.meetup.com/Bhopal-Women-in-Machine-Learning-and-Data-Science/events/258084787/,1/27/19,Kickoff Introductory Session - Meet and Greet,13
PDX Women in Machine Learning and Data Science,https://www.meetup.com/PDX-Women-in-Machine-Learning-and-Data-Science/events/qjzwrqyzdbzb/,2/20/19,R + AI Share & Tell (R-Ladies PDX Shared Event),3
PDX Women in Machine Learning and Data Science,https://www.meetup.com/PDX-Women-in-Machine-Learning-and-Data-Science/events/qjzwrqyzfbbc/,3/20/19,R + AI Share & Tell (R-Ladies PDX Shared Event),2
PDX Women in Machine Learning and Data Science,https://www.meetup.com/PDX-Women-in-Machine-Learning-and-Data-Science/events/dmvdrqyzfbkc/,3/27/19,(Portland School of AI) Fast.ai's Practical Deep Learning for Coders v3,3
PDX Women in Machine Learning and Data Science,https://www.meetup.com/PDX-Women-in-Machine-Learning-and-Data-Science/events/dmvdrqyzgbgc/,4/24/19,(Portland School of AI) Fast.ai's Practical Deep Learning for Coders v3,4
Halifax Women in Machine Learning & Data Science,https://www.meetup.com/Halifax-Women-in-Machine-Learning-and-Data-Science/events/258875201/,3/15/19,"Halifax Women in Data Science Social (Fireside chat, demos)",35
Halifax Women in Machine Learning & Data Science,https://www.meetup.com/Halifax-Women-in-Machine-Learning-and-Data-Science/events/260114756/,4/26/19,Women in Machine Learning/Data Science Meetup #2,37
Edmonton Women in Machine Learning & Data Science,https://www.meetup.com/Edmonton-Women-in-Machine-Learning-and-Data-Science/events/258723419/,2/21/19,Edmonton WiMLDS Kickoff,16
Edmonton Women in Machine Learning & Data Science,https://www.meetup.com/Edmonton-Women-in-Machine-Learning-and-Data-Science/events/259692006/,4/9/19,Introduction to Python Workshop,15
Berlin Women in Machine Learning & Data Science,https://www.meetup.com/Berlin-Women-in-Machine-Learning-and-Data-Science/events/258711046/,2/16/19,Kick-off Organisers Meeting,11
Berlin Women in Machine Learning & Data Science,https://www.meetup.com/Berlin-Women-in-Machine-Learning-and-Data-Science/events/259907252/,3/26/19,Kickoff meeting,69
Berlin Women in Machine Learning & Data Science,https://www.meetup.com/Berlin-Women-in-Machine-Learning-and-Data-Science/events/260280690/,4/23/19,Geospatial AI,79
Manila Women in Machine Learning and Data Science,https://www.meetup.com/Manila-Women-in-Machine-Learning-and-Data-Science/events/259557110/,4/23/19,Manila WiMLDS #1,53
Boston Women in Machine Learning and Data Science,https://www.meetup.com/Boston-Women-in-Machine-Learning-and-Data-Science/events/259304713/,3/26/19,First Meetup and Lightning Talks,41
Toronto Women in Machine Learning & Data Science,https://www.meetup.com/Toronto-Women-in-Machine-Learning-and-Data-Science/events/259487109/,3/30/19,Machine Learning / Data Science 101,48
Cairo Women in Machine Learning & Data Science,https://www.meetup.com/Cairo-Women-in-Machine-Learning-and-Data-Science/events/259957084/,3/31/19,Traffic Lights Detection using Tensorflow - Onsite workshop,36
Riyadh Women in Machine Learning & Data Science,https://www.meetup.com/Riyadh-Women-in-Machine-Learning-and-Data-Science/events/259979252/,3/26/19,Intro. to Metadata for the Teaching of Literature to Promote Digital Humanities,1